directory	files	bytes	lines	code_lines
.	51	233418	5059	4324
LaMP	13	62380	1312	1154
LaMP/data	1	4657	119	106
LaMP/metrics	2	8142	169	156
LaMP/prompts	3	17557	349	308
LaMP/utils	1	1498	52	44
PEFT	4	14892	383	342
PEFT/data	1	6460	171	156
ROPG	15	64301	1345	1138
ROPG/data	2	6339	150	130
ROPG/models	2	3494	100	81
ROPG/prompts	4	23761	346	306
ROPG/trainers	1	6830	174	147
ROPG/utils	3	5528	166	137
RSPG	13	37025	937	796
RSPG/data	2	2815	94	77
RSPG/metrics	1	11295	241	216
RSPG/modeling	4	5704	163	133
RSPG/utils	4	5344	163	130
data	1	6040	131	109
data/avocado	1	6040	131	109
eval	3	9085	198	169
