path	extension	kind	bytes	lines	code_lines	comment_lines	blank_lines	sha256
.github/workflows/deploy_docs.yml	.yml	configuration	1759	79	67	0	12	34b2988738377007c380a0822197282fb841d0e9a8db2626bdef56249fb44280
.github/workflows/release.yml	.yml	configuration	725	36	27	0	9	404a5040cba513efd529ee584c0a63c63e70f4c74048893d1031e46e2964828b
.gitignore		asset_or_other	3462	175	70	74	31	75813a8de5bfee722893241aa478a8742b7a67888b3a005254a028e5f6528c1a
LICENSE		asset_or_other	1066	21	17	0	4	98af1351ea856e008c835bc89a312905960a318072f950732bf346c741027c7d
Makefile		asset_or_other	2051	52	39	2	11	64105703dc1f4abb15a7c1765fb439d65b52f996003883bcaad0a8e06b26ff44
README.md	.md	documentation	5205	99	59	12	28	e1edd000d263bfea842c34273add82421340c2caf2d7b87edd285daf02156ca3
docs/.gitignore		asset_or_other	48	2	2	0	0	816a22148b36e90e9d5b57a3ae69f86f11b0ad4a46ea8c3d74bb9f36ca4eec1e
docs/README.md	.md	documentation	2065	61	30	9	22	06005d59353d201dfb6379b75856b052326f22d6983556975040e3a326142b1f
docs/_scripts/generate_api_reference_links.py	.py	source	12668	326	263	17	46	54d1cd343e6663b9a212e5dfcabb030c9165e32d9cdd47dc3158fd2a88ec6aa2
docs/_scripts/notebook_convert.py	.py	source	4343	123	93	11	19	912512015669db62e9ff68d20660f74ba87f1d5f9c176db3a3db8a7d75d00214
docs/_scripts/notebook_convert_templates/mdoutput/conf.json	.json	configuration	50	5	5	0	0	c0f96b336b4b6386801c799b72e94c58191a83f4cad0dab33285e5c0a2fe5711
docs/_scripts/notebook_convert_templates/mdoutput/index.md.j2	.j2	asset_or_other	688	33	27	0	6	8c8741fae8677020107db87f7711dfe1674f52d3db2d07d7fc8965846d6843e1
docs/_scripts/notebook_hooks.py	.py	source	3866	118	88	8	22	86f7991608f96296400d34d4a215a170c1eefdf4fbfaa73e1b4279e62b10e6d5
docs/docs/background_quickstart.md	.md	documentation	4654	113	56	29	28	d7dbda2ff7aaf0a4c5fdefd9d32e1955627bc0bbb63044f22060a1baf9165f98
docs/docs/concepts/conceptual_guide.md	.md	documentation	20541	376	172	110	94	403a1a4ee0424f425e30d31e85ca6c888fc4d692bea84c8d7f13954e7cdf168b
docs/docs/concepts/img/filter.png	.png	asset_or_other	20708	0	0	0	0	ce12402f680f7a9e95b0324cc907f3735cce0deb432dc3c930a888eef09dc65c
docs/docs/concepts/img/hot_path_vs_background.png	.png	asset_or_other	60391	0	0	0	0	2373211757987b87801adf77b97451726d6b4c76755e38eba8c66f13e7c439cc
docs/docs/concepts/img/short-vs-long.png	.png	asset_or_other	41501	0	0	0	0	1aa5f6e21b509f4aab076ca0fe125d0cbf993fd2b07d6c726186905a879d4e09
docs/docs/concepts/img/summary.png	.png	asset_or_other	28900	0	0	0	0	010ca6cdd95a24c16a98121a8fa256113ca4f54df5060d67559ad231dba40c72
docs/docs/concepts/img/update-instructions.png	.png	asset_or_other	44526	0	0	0	0	3c854efaf7d4acf733d08562aaf336c56eadc80cf2290e006d2641fb1bc4d612
docs/docs/concepts/img/update-list.png	.png	asset_or_other	43956	0	0	0	0	e5b677ebb2874947bf514d4fe837273d68f385fe02c524efbe42616fac73f146
docs/docs/concepts/img/update-profile.png	.png	asset_or_other	47390	0	0	0	0	38b3212078f4c600fc365442c6f9fbfb4d7f6f0aad0c3131b19a158e27ecc6ff
docs/docs/guides/delayed_processing.md	.md	documentation	3159	78	52	11	15	9e5f589bdb32b97a5996eaeaba9db6e8312f66f6814f1e5a13cc2f267569b260
docs/docs/guides/dynamically_configure_namespaces.md	.md	documentation	2758	71	49	11	11	81b7529a1efdec4bcae49bdd5889d605b693ffcdc671916c115a37b1d93a8d7d
docs/docs/guides/extract_episodic_memories.md	.md	documentation	9623	195	119	37	39	db8fab41a5c0f60cf89738ba57c07e892733ef6cae6484bd0a35056d6f0ffd0e
docs/docs/guides/extract_semantic_memories.md	.md	documentation	15250	383	234	78	71	27253dc9513a31f881e1434803c1581782b4bd3a543391a1a0f2bfc09c112903
docs/docs/guides/manage_user_profile.md	.md	documentation	4839	150	91	27	32	07154a707103c862595d027ede494de85ae426f7c87078918bf710ab7b21b59e
docs/docs/guides/memory_tools.md	.md	documentation	4722	159	101	22	36	750fb4db1dba098d49c15c4a0a75aca4c66934a3cd9def1c19bbc28819aa1b55
docs/docs/guides/optimize_compound_system.md	.md	documentation	3141	88	70	7	11	210189fa37dd38a6ff2bfdeaf80e0ed12f94e6bca4ce051b43b7295aee0865f6
docs/docs/guides/optimize_memory_prompt.md	.md	documentation	5449	140	114	4	22	38f5435e3a1631d4d3eab7afcdb1fa14cb712ff2bc23bfd2d00461897192c21c
docs/docs/guides/summarization.md	.md	documentation	9034	230	163	23	44	a8c3bc8bc71e17be69c45d36a8909d325239b337d4f919bca82b7668415f225d
docs/docs/guides/use_tools_in_crewai.md	.md	documentation	3826	128	78	25	25	ae5ebc9ccffa328782095ff55085f4fff91f432e516fc27820421f196f517dad
docs/docs/guides/use_tools_in_custom_agent.md	.md	documentation	8901	281	171	58	52	e50a09cceef8a60749ea19dabcd81cf3ef6a77274f3f9a2b58eec3c40ddcd5d4
docs/docs/hot_path_quickstart.md	.md	documentation	9057	176	105	28	43	e45dfcc1a4b90efd2ef06b4f12bfc60b0877fbc6543b287c07e111bdce235ada
docs/docs/index.md	.md	documentation	64	6	5	0	1	e5e379a04603e94ff5dccbeec6f1d4d7440d79064ed4cd17675bc4062f69b104
docs/docs/reference/.meta.yml	.yml	configuration	46	4	4	0	0	4a1f6cd0c633834a363398620a51dfd733210d554e8b914407fe9961e6b3dc74
docs/docs/reference/index.md	.md	documentation	1394	34	16	5	13	e261d31fd2f0422b040e2d5fe4c9565323bcb9397b37e69aef78ceaab49a831c
docs/docs/reference/memory.md	.md	documentation	220	13	10	1	2	c41ede64918190c16bcf0f1b2f57c7ba887ee3aa9872c7ff103d61d34d00b3cb
docs/docs/reference/prompt_optimization.md	.md	documentation	404	21	17	1	3	834b8fe418a81708e22a5b25b911f4422c960f6bba48e34a5705e014e7e3e60a
docs/docs/reference/short_term.md	.md	documentation	265	14	11	1	2	d0f282a34631c9e3011d0e0d319fe3cab0b5d627b53e778ab1874408822da402
docs/docs/reference/tools.md	.md	documentation	205	12	9	1	2	f2674b85f535f3b47c0d98ab6c437b3bd78946fe752832b0a892337ae77fc1ca
docs/docs/reference/utils.md	.md	documentation	250	17	13	1	3	a18425d62ff83b955d6e19ed0cd0b1751b75e3899ef9bd97e2d496e6b83171ab
docs/docs/static/favicon.png	.png	asset_or_other	2160	0	0	0	0	aef49f10c98ec9b77333388db90caa75bb23f0b3efde158ea307c416a083a86f
docs/docs/static/values_vs_updates.png	.png	asset_or_other	37691	0	0	0	0	81f882d892c1a62d644a77565e3f3ba82fc8edf774df8641ef1f1e78bdb32bd3
docs/docs/static/wordmark_dark.svg	.svg	asset_or_other	13026	12	12	0	0	745c4ab2db4f20e56aee74eaa97299ab7ba214efe335f27ed05de133b0c5435b
docs/docs/static/wordmark_light.svg	.svg	asset_or_other	13017	12	12	0	0	528a302ab40ec6583595362a553b56bbb08d62399b482f359f4c168377b1d2a8
docs/mkdocs.yml	.yml	configuration	5937	198	194	2	2	2bdfc5d299fea3aa93a5ec66790bde85039dd3f9d49098d8755c26e1b37b7969
docs/overrides/main.html	.html	source	4403	196	156	3	37	a3a39b9ef75fd4f48ad4989098a301d8c85935e18bfa55f9e0ecaedef9318060
docs/overrides/partials/comments.html	.html	source	1798	55	45	5	5	51f210acf596908e2453fac50d891e3d75344891d0a0d701f8b5fff3af4ddba9
docs/overrides/partials/logo.html	.html	source	221	4	4	0	0	ac8ea13a1cc5272f221569c60347afa7674920409531ea2c3b62eec195cf76b2
docs/templates/python/material/function.html.jinja	.jinja	asset_or_other	4672	121	103	0	18	d8a19faaf07cfd1120b7a4e8430d21e6ceb91128524d354ce7055c108164eedb
examples/intro_videos/procedural_memory.ipynb	.ipynb	asset_or_other	20719	592	592	0	0	b689c248344ad820905f26193a50bbe7d413ce6fa0aba1a07a7eaff5b7906061
examples/intro_videos/semantic_memory.ipynb	.ipynb	asset_or_other	24943	543	543	0	0	035aef93facbb894838c4c3d4e9e9567421de0309db47d09d0f08210a19dceb0
examples/standalone_examples/README.md	.md	documentation	2138	71	40	7	24	d86e8ed437dbde219c599cdaee320e540c0741c7acd8c7e3ec32c2cded0de341
examples/standalone_examples/custom_store_example.py	.py	source	2249	75	54	5	16	e0a4f65e102eae9924b88fb0fef20d5a2ffaaaf46a951bbfd092af4f36c7f0c2
langgraph.json	.json	configuration	399	18	18	0	0	1c9d556515cc04159cffa39189c265f64abe25dd698383c6e396b0320a3ed7b4
pyproject.toml	.toml	configuration	2056	92	84	0	8	6a964d268d23b8860c848b7b23f2dc6998204eaa0eb28cfe2d404359eb51611a
pytest.ini	.ini	configuration	82	4	4	0	0	cb34d104a539f90a9165e12e04af7c970719ea9066ba280868a0ae9407fba916
src/langmem/__init__.py	.py	source	698	27	26	0	1	7af7387c702a9cd8d9895ab37acb17fcbf5606287ce7744bc44b1820a42fc4a1
src/langmem/errors.py	.py	source	199	6	5	0	1	b7a1ca7682076ca80721159a1cffd22e1739ef72ad909dfe6f70d3b9e444adcc
src/langmem/graph_rag.py	.py	source	6996	182	0	159	23	ef2d8020b8401e77b35eda027d7edb99fde9d8d3c0a1a4dc30902e5ee6b42b9e
src/langmem/graphs/__init__.py	.py	source	0	0	0	0	0	e3b0c44298fc1c149afbf4c8996fb92427ae41e4649b934ca495991b7852b855
src/langmem/graphs/auth.py	.py	source	2167	80	65	1	14	5bf371ea8430755ff22b151de91c8ace741be9cd8e92e6c61e228be2d74cf646
src/langmem/graphs/prompts.py	.py	source	1916	67	55	0	12	e802f23fba68623c0adf7f954e8fea3eb73573b0787fc706716190b8cda3e676
src/langmem/graphs/semantic.py	.py	source	1118	47	37	1	9	3f40466c0343feeba59a458ec9172cfa03dae267d75b891d8512fb874187fc30
src/langmem/knowledge/__init__.py	.py	source	1455	39	33	0	6	abcc228780632aa445477461a95a45ad5fad61d8739c8140be264fc767a12c74
src/langmem/knowledge/extraction.py	.py	source	81775	2113	1747	114	252	165d4c019f55a365dba5a551e1af0c0313a2f4bab292e47493acc6f1cd62c13e
src/langmem/knowledge/tools.py	.py	source	19240	530	408	43	79	0118d3623a19c9b6c8c3d477aead51f08eeb44771c3ae3f51cd32d8a800b78d7
src/langmem/prompts/__init__.py	.py	source	1205	28	22	0	6	7c727f1d8395f5388a13c097226a3a8410ad4762c87bd2ad2eee46ffe620b0a2
src/langmem/prompts/_layers.py	.py	source	9857	324	268	15	41	64d41a5b09b8eff94b09a3107257a3fee0ec64e259a1edd04c32f50c629bd78c
src/langmem/prompts/gradient.py	.py	source	15243	419	336	15	68	7e091495508c36f65b23e5aa01b4d13b4eab9de68e9d60d656c68e145b263cd1
src/langmem/prompts/metaprompt.py	.py	source	9778	271	223	7	41	7bd6964f981d8614e9e51ca0358dbe3530e36c5c31866efc051dadd23430d505
src/langmem/prompts/optimization.py	.py	source	23215	619	485	30	104	eba463458e6ab7de7d51edf4c9a48a949af2205911e6cf7685043ce92ab47862
src/langmem/prompts/prompt.py	.py	source	1720	60	39	0	21	a938470af1c1777cc50c3c3a51ddc6b58f35e61ade1f7bc23941c2a5ca334d1e
src/langmem/prompts/stateful.py	.py	source	1924	54	44	0	10	cf4595dce2c04b25be80c12621dd1084115119bdae45ceeacf98754c241ea0ff
src/langmem/prompts/stateless.py	.py	source	8612	259	212	10	37	37326ec26e650b48aa52b7d2f484d24699437e129e49b147803dfb70c1b725de
src/langmem/prompts/types.py	.py	source	4587	135	114	0	21	11d73fe68243353e98299d6358fe8996828fe57d389929fbb698767fb88398cd
src/langmem/prompts/utils.py	.py	source	2721	79	62	1	16	a68b4d471c1430f9fa939b6886d404d8758b0398ae57f5c5db82d31d37a5995c
src/langmem/reflection.py	.py	source	16450	474	407	13	54	a30f32253da2bad1349a20927e90620827867536c0ed09d26f9783e2dbfa5d1d
src/langmem/short_term/__init__.py	.py	source	308	15	14	0	1	d747cd221714890322998d495343eb8b0b99ac521cda61b81002c560957acc6a
src/langmem/short_term/summarization.py	.py	source	38162	860	695	40	125	53b6cabcf3a64fc9445cb5a2252e8e8ab67de9a726ab04bca5aa1cd35bdd0909
src/langmem/utils.py	.py	source	8180	252	196	3	53	0671eaf7ca9d0c59de4dc07b327799e5371cdb559cfd7f58d01b35081cb73071
tests/__init__.py	.py	test	0	0	0	0	0	e3b0c44298fc1c149afbf4c8996fb92427ae41e4649b934ca495991b7852b855
tests/cassettes/ed2e87ca-f890-4900-9a09-dfbc12b51964.yaml	.yaml	test	1078060	17526	17525	1	0	7767901608117884b3c56fedadebd6908c7a1a01c59dfa6cc602970dd291b183
tests/conftest.py	.py	test	74	6	4	0	2	1a2e0badd8a1430f04a30109ad96ec7718e5052fb242076d78314345f77c197f
tests/short_term/__init__.py	.py	test	0	0	0	0	0	e3b0c44298fc1c149afbf4c8996fb92427ae41e4649b934ca495991b7852b855
tests/short_term/test_summarization.py	.py	test	32227	893	629	138	126	51c7cff817594f137e43b6ae87f1d0ba3eaec00baf11fa4a798b3fa0505326d2
tests/short_term/test_summarization_async.py	.py	test	32518	895	630	138	127	596a5967904e744807fba3f77f8996960ab16c4ec129b62964627a1b41fb4a36
tests/short_term/utils.py	.py	test	1092	33	25	0	8	e49b41ef701c81e7d5cbfe6117ee08375b962f39765a0edbddf46cee3c50732e
tests/test_docstring_examples.py	.py	test	10403	297	241	15	41	56c37a30a128ef692bb199ba7ce93a372459c7a2918e8615b2b7441cfa1a149d
uv.lock	.lock	asset_or_other	670444	3662	3496	0	166	e11c8d02f85921bb232e8b475bd455da7c469f50ced374a0600b1486faf206d8
