path	matched_terms	lines
documentation/docs/get-started/privacy-security.md	privacy	33
src/interface/web/app/components/profileCard/profileCard.module.css	profile	0
src/interface/web/app/components/profileCard/profileCard.tsx	profile	54
src/interface/web/app/components/userMemory/userMemory.tsx	memory	90
src/khoj/database/migrations/0005_embeddings_corpus_id.py	embedding	19
src/khoj/database/migrations/0006_embeddingsdates.py	embedding	33
src/khoj/database/migrations/0010_rename_embeddings_entry_and_more.py	embedding	30
src/khoj/database/migrations/0020_reflectivequestion.py	reflect	36
src/khoj/database/migrations/0024_alter_entry_embeddings.py	embedding	18
src/khoj/database/migrations/0025_searchmodelconfig_embeddings_inference_endpoint_and_more.py	embedding	22
src/khoj/database/migrations/0033_rename_tuning_agent_personality.py	persona,personal	17
src/khoj/database/migrations/0079_searchmodelconfig_embeddings_inference_endpoint_type.py	embedding	29
src/khoj/database/migrations/0083_alter_agent_output_modes_alter_agent_personality_and_more.py	persona,personal	71
src/khoj/database/migrations/0099_usermemory.py	memory	82
src/khoj/interface/email/feedback.html	feedback	34
src/khoj/processor/embeddings.py	embedding	146
tests/test_memory_settings.py	memory	479
